name,weight,price,ingredients,allergens,categories
Paella met vis en kip,500 gram,"8,55","rijst (49%), kip (11%), erwten, paprika, tomaat (6%), ui, mosselen (5%)(weekdieren), olijfolie ongehard, garnalen (2%)(schaaldieren), inktvis (2%)(weekdieren), kruiden & specerijen, zout, water, dextrose, natuurlijk aroma (mosterd, selderij), glucosestroop, raapzaadolie ongehard, voedingszuren (E331iii, citroenzuur), verdikkingsmiddel (E407), tapiocazetmeel, zuurteregelaars (E500), kleurstoffen (annatto, bietenrood), citrusvezel.","Aanwezig: Schaaldieren, Selderij, Mosterd, Gevogelte, Weekdieren","Keukens, Oosters, Gevogelte, Kleine maaltijden (350 gram)"
Belgische stoofpot met gestoofde appel en aardappelpuree,500 gram,"8,55",,,"Keukens, Hollands, Rundvlees, Kleine maaltijden (350 gram)"
"Runderlap, sperziebonen en aardappelen",500 gram,"8,55","sperziebonen (36%), aardappel (34%), rundvlees (14%), water, maltodextrine, maiszetmeel, gemodificeerd aardappelzetmeel, gemodificeerd maiszetmeel, verdikkingsmiddel (gemodificeerd aardappelzetmeel, E407), zout, gejodeerd zout, natuurlijk aroma, gekarameliseerde suiker, aroma, kruiden & specerijen, azijn, rijsmiddelen (E500ii), gistextract, tomatenpuree, maisolie, aardappelzetmeel, smaakversterkers (E640), dextrose, uienextract, voedingszuren (E331iii), ui, karamelsuikerstroop, uienpoeder, raapzaadolie ongehard, paprika.",Aanwezig: Rundvlees,"Keukens, Hollands, Rundvlees, Kleine maaltijden (350 gram)"
"Rundersaucijs, prei met saus en aardappelen",500 gram,"8,55","aardappel (34%), prei (27%), water, rundvlees (14%), tarwebloem (tarwe), zout, palmvet ongehard, verdikkingsmiddel (gemodificeerd maiszetmeel), gemodificeerd aardappelzetmeel, gemodificeerd maiszetmeel, gejodeerd zout, maltodextrine, gist, tarwezemelen (tarwe), kruiden & specerijen, palmolie ongehard, melkeiwitten (lactose, melk), lactose (lactose, melk), azijn, ui, volle melkpoeder (lactose, melk), uienpoeder, raapzaadolie ongehard, gehydrolyseerd plantaardig eiwit (tarwe), gistextract, tomatenpuree, maisolie, aroma, varkensdarm, glucosestroop, suiker, karamelsuikerstroop, paprika, stabilisatoren (xanthaangom), antioxidanten (E306).","Aanwezig: Gluten, Melk, Rundvlees, Varkensvlees, Tarwe, Lactose","Keukens, Hollands, Rundvlees"
"Sucadelap, bloemkool met saus en aardappelen",500 gram,"8,55","aardappel (34%), bloemkool (32%), water, rundvlees (14%), tarwebloem (tarwe), gemodificeerd aardappelzetmeel, maltodextrine, gemodificeerd maiszetmeel, zout, gejodeerd zout, palmvet ongehard, verdikkingsmiddel (gemodificeerd maiszetmeel, guargom), kruiden & specerijen, aardappelzetmeel, gekarameliseerde suiker, ui, tomatenpuree, aroma, uienpoeder, gistextract, karamelsuikerstroop, suiker, maisolie ongehard, stabilisatoren (xanthaangom, E452, E451), palmolie ongehard, kleurstoffen (E150d, E150c), melkeiwitten (lactose, melk), lactose (lactose, melk), paprika, maisolie, natuurlijk aroma, rundvleesextract, suikerstroop, sinaasappelschil, voedingszuren (citroenzuur), uiensap, zonnebloemolie ongehard, volle melkpoeder (lactose, melk), raapzaadolie ongehard, gehydrolyseerd plantaardig eiwit (tarwe), azijn, wijnazijn, antioxidanten (E306).","Aanwezig: Gluten, Melk, Rundvlees, Tarwe, Lactose","Keukens, Hollands, Rundvlees"
"Runderlap, witlof a la crème en aardappelen",500 gram,"8,55","aardappel (34%), witlof (26%), water, rundvlees (14%), melk (lactose, melk), room (lactose, melk), tarwebloem (tarwe), zout, maltodextrine, palmvet ongehard, verdikkingsmiddel (gemodificeerd maiszetmeel, E407), maiszetmeel, gemodificeerd aardappelzetmeel, gemodificeerd maiszetmeel, gejodeerd zout, natuurlijk aroma, gekarameliseerde suiker, kruiden & specerijen, zetmeel, palmolie ongehard, melkeiwitten (lactose, melk), lactose (lactose, melk), azijn, rijsmiddelen (E500ii), ui, volle melkpoeder (lactose, melk), tomatenpuree, maisolie, aroma, uienpoeder, raapzaadolie ongehard, gehydrolyseerd plantaardig eiwit (tarwe), gistextract, aardappelzetmeel, smaakversterkers (E640), dextrose, uienextract, voedingszuren (E331iii), karamelsuikerstroop, paprika, stabilisatoren (xanthaangom), antioxidanten (E306).","Aanwezig: Gluten, Melk, Rundvlees, Tarwe, Lactose","Keukens, Hollands, Rundvlees, Kleine maaltijden (350 gram)"
"Runderburger, bloemkool met saus en aardappelen",500 gram,"8,55","aardappel (34%), bloemkool (32%), water, rundvlees (16%), tarwebloem (tarwe), gemodificeerd aardappelzetmeel, gemodificeerd maiszetmeel, gejodeerd zout, palmvet ongehard, zout, verdikkingsmiddel (gemodificeerd maiszetmeel), maltodextrine, paneermeel (tarwe), kruiden & specerijen, palmolie ongehard, melkeiwitten (lactose, melk), lactose (lactose, melk), ui, tomatenpuree, maisolie, aroma, tarwevezel (tarwe), aardappelzetmeel, volle melkpoeder (lactose, melk), uienpoeder, raapzaadolie ongehard, gehydrolyseerd plantaardig eiwit (tarwe), gistextract, karamelsuikerstroop, zeezout, paprika, rundereiwit, gekarameliseerde suiker, stabilisatoren (xanthaangom), antioxidanten (E306).","Aanwezig: Gluten, Melk, Rundvlees, Tarwe, Lactose","Keukens, Hollands, Rundvlees, Kleine maaltijden (350 gram)"
Stamppot andijvie en rundergehaktbal met mosterd,500 gram,"8,55","aardappel (36%), water, andijvie (21%), rundvlees (13%), havermout (haver), zonnebloemolie ongehard, paneermeel (tarwe), melkpoeder (lactose, melk), kruiden & specerijen (mosterd, selderij), gejodeerd zout, gemodificeerd aardappelzetmeel, gemodificeerd maiszetmeel, tomatenpuree, zout, maltodextrine, natuurlijk aroma (mosterd, selderij), raapzaadolie gehard, azijn, melk (lactose, melk), room (lactose, melk), suiker, natuurazijn, antioxidanten (E300, E301, E304), voedingszuren (soja) (E331, E262, E322 (soja)), aroma, maisolie, glucosestroop, rijstemeel, conserveermiddelen (E202), ui, karamelsuikerstroop, raapzaadolie ongehard, paprika, emulgatoren (E450), kleurstoffen (caroteen).","Aanwezig: Gluten, Soja, Melk, Selderij, Mosterd, Rundvlees, Tarwe, Haver, Lactose","Keukens, Hollands, Rundvlees, Kleine maaltijden (350 gram)"
Stamppot hutspot met sucadelap,500 gram,"8,55","aardappel (29%), water, wortel (20%), rundvlees (14%), ui (10%), zonnebloemolie ongehard, melkpoeder (lactose, melk), gemodificeerd aardappelzetmeel, maltodextrine, gemodificeerd maiszetmeel, gejodeerd zout, kruiden & specerijen (mosterd, selderij), zout, aardappelzetmeel, gekarameliseerde suiker, raapzaadolie gehard, melk (lactose, melk), room (lactose, melk), natuurazijn, suiker, aroma, tomatenpuree, karamelsuikerstroop, uienpoeder, gistextract, maisolie ongehard, natuurlijk aroma (mosterd, selderij), stabilisatoren (xanthaangom, E452, E451), kleurstoffen (E150d, E150c, caroteen), maisolie, glucosestroop, paprika, rundvleesextract, suikerstroop, sinaasappelschil, voedingszuren (soja) (citroenzuur, E322 (soja)), uiensap, verdikkingsmiddel (guargom), raapzaadolie ongehard, azijn, wijnazijn, antioxidanten (E304), emulgatoren (E450).","Aanwezig: Soja, Melk, Selderij, Mosterd, Rundvlees, Lactose","Keukens, Hollands, Rundvlees"
"Rundervink, spinazie a la crème,en aardappelen",500 gram,"8,55","aardappel (34%), spinazie (31%), water, rundvlees (11%), paneermeel (tarwe), melk (lactose, melk), room (lactose, melk), tarwebloem (tarwe), maiszetmeel, zout, palmvet ongehard, kruiden & specerijen, gemodificeerd aardappelzetmeel, gemodificeerd maiszetmeel, gejodeerd zout, verdikkingsmiddel (gemodificeerd maiszetmeel), maltodextrine, dextrose, specerijenextract, zetmeel, palmolie ongehard, melkeiwitten (lactose, melk), lactose (lactose, melk), ui, raapzaadolie ongehard, tomatenpuree, maisolie, aroma, volle melkpoeder (lactose, melk), uienpoeder, natuurlijk aroma (mosterd, selderij), gehydrolyseerd plantaardig eiwit (tarwe), gistextract, karamelsuikerstroop, glucosestroop, paprika, stabilisatoren (xanthaangom), antioxidanten (E306).","Aanwezig: Gluten, Melk, Selderij, Mosterd, Rundvlees, Tarwe, Lactose","Keukens, Hollands, Rundvlees, Kleine maaltijden (350 gram)"
"Sucadelap, rode kool met appel en aardappelen",500 gram,"8,55","aardappel (34%), rode kool (24%), water, rundvlees (14%), appel (7%), rietsuiker, aardappelzetmeel, zonnebloemolie ongehard, appelazijn, gemodificeerd aardappelzetmeel, maltodextrine, zout, gemodificeerd maiszetmeel, gejodeerd zout, kruiden & specerijen, gekarameliseerde suiker, tomatenpuree, aroma, karamelsuikerstroop, ui, uienpoeder, suiker, gistextract, maisolie ongehard, stabilisatoren (xanthaangom, E452, E451), geconcentreerd citroensap, voedingszuren (citroenzuur), kleurstoffen (E150d, E150c), paprika, antioxidanten (E300), maisolie, natuurlijk aroma, rundvleesextract, suikerstroop, sinaasappelschil, uiensap, verdikkingsmiddel (guargom), azijn, wijnazijn.",Aanwezig: Rundvlees,"Keukens, Hollands, Rundvlees"
Runderhachee met rode kool en aardappelpuree,500 gram,"8,55",,,"Keukens, Hollands, Rundvlees, Natriumarm, Kleine maaltijden (350 gram)"
Vegetarische kip pangang met nasi goreng (Vega),,,"rijst (47%), water, witte kool, prei, ui, suiker, wortel, soja-eiwit (soja), zonnebloemolie ongehard, natuurazijn, kippenei-eiwit (eieren), gemodificeerd aardappelzetmeel, azijn, zout, tarwezetmeel (tarwe), kruiden & specerijen, plantaardige olie ongehard, raapzaadolie ongehard, suikerstroop, tomatenpoeder, tarwegluten (tarwe), soja-eiwitisolaat (soja), natuurlijk aroma (mosterd, selderij), gejodeerd zout, uienpoeder, glucose-fructosestroop, invertsuikerstroop, rode bietenpoeder, tarwebloem (tarwe), gistextract, spinaziepoeder, glucosestroop gedroogd (tarwe), vitamine b12, ijzer, maltodextrine, sojabonen (soja), melasse, gehydrolyseerd soja en maiseiwit (soja), voedingszuren (citroenzuur, melkzuur, azijnzuur), gekarameliseerde suiker, zetmeel, zuurteregelaars (E500), antiklontermiddelen (E535), selderij (selderij), conserveermiddelen (E211, E224, E202), kleurstoffen (karamel), paprikasap concentraat, stabilisatoren (xanthaangom).","Aanwezig: Gluten, Eieren, Soja, Selderij, Mosterd, Tarwe","Keukens, Vegetarisch, Vegetarisch"
"Vegetarische kip pilav, groentemix en rijst (Vega)",,,"rijst (30%), water, boterbonen (11%), broccoli, sperziebonen (7%), wortel (7%), courgette (3%), soja-eiwit (soja), zonnebloemolie ongehard, kippenei-eiwit (eieren), suiker, azijn, peer, perzik, tarwezetmeel (tarwe), verdikkingsmiddel (gemodificeerd aardappelzetmeel, guargom), tomatenpoeder, uienpoeder, kruiden & specerijen (selderij), zout, rode bietenpoeder, tarwegluten (tarwe), soja-eiwitisolaat (soja), natuurlijk aroma (mosterd, selderij), aardappelzetmeel, glucosestroop, glucose-fructosestroop, ananas, raapzaadolie ongehard, voedingszuren (citroenzuur, azijnzuur), druif, vitamine b12, ijzer, kers, palmvet ongehard, gistextract, aroma, ui, gemodificeerd maiszetmeel, kleurstoffen (karamel), conserveermiddelen (E202), stabilisatoren (xanthaangom).","Aanwezig: Gluten, Eieren, Soja, Selderij, Mosterd, Tarwe","Keukens, Vegetarisch, Vegetarisch"
"Vegetarische stroganoff, doperwten en aardappelpuree (Vega)",,,"erwten (36%), aardappel (22%), water, melk (lactose, melk), paprika, ui, zonnebloemolie ongehard, soja-eiwit (soja), champignon, kippenei-eiwit (eieren), azijn, zout, tomaat, tarwezetmeel (tarwe), augurk, kruiden & specerijen, palmvet ongehard, room (lactose, melk), gemodificeerd aardappelzetmeel, vodka, tarwebloem (tarwe), madeira, verdikkingsmiddel (gemodificeerd aardappelzetmeel, guargom), tarwegluten (tarwe), soja-eiwitisolaat (soja), tomatenpuree, suiker, maltodextrine, natuurlijk aroma, gejodeerd zout, aroma (gerst, tarwe), gistextract, vitamine b12, ijzer, natuurazijn, boteraroma (lactose, melk), conserveermiddelen (E202), melksuiker (lactose, melk), aardappelzetmeel, melkeiwitten (lactose, melk), zetmeel, voedingszuren (citroenzuur, azijnzuur), uienpoeder, raapzaadolie ongehard, gemodificeerd maiszetmeel, antioxidanten (E300), kleurstoffen (E101), zoetstoffen (E954), stabilisatoren (xanthaangom).","Aanwezig: Gluten, Eieren, Soja, Melk, Tarwe, Gerst, Lactose","Keukens, Vegetarisch, Gevogelte, Vegetarisch"
"Chickenless dippers, bloemkool met saus en aardappelpuree (Vega)",,,"bloemkool (32%), aardappel (29%), water, melk (lactose, melk), tarwebloem (tarwe), zonnebloemolie ongehard, tarwegluten (tarwe), zout, kruiden & specerijen, tarwezetmeel (tarwe), aardappelzetmeel, kokosolie ongehard, erwten, soja (soja), soja-eiwit (soja), palmvet ongehard, verdikkingsmiddel (gemodificeerd maiszetmeel, E461), azijn, rijst, gistextract, paprika-extract, gemodificeerd tarwezetmeel (tarwe), paneermeel (tarwe), tarwevezel (tarwe), natuurlijk aroma (tarwe), gemodificeerd aardappelzetmeel, gemodificeerd maiszetmeel, maltodextrine, conserveermiddelen (E202), boteraroma (lactose, melk), palmolie ongehard, gejodeerd zout, voedingszuren (soja) (citroenzuur, E322 (soja)), melkeiwitten (lactose, melk), lactose (lactose, melk), ui, vitamine b12, ijzer, rijsmiddelen (E500i), volle melkpoeder (lactose, melk), uienpoeder, raapzaadolie ongehard, gehydrolyseerd plantaardig eiwit (tarwe), tomatenpuree, maisolie, aroma, karamelsuikerstroop, stabilisatoren (xanthaangom), antioxidanten (E306), paprika.","Aanwezig: Gluten, soja, melk, tarwe, lactose","Keukens, Vegetarisch, Gevogelte, Vegetarisch"
"Vegetarische schnitzel, bruine bonen en aardappelen (Vega)",,,"water, aardappel (30%), bruine bonen (29%), tarwebloem (tarwe), zonnebloemolie ongehard, soja-eiwit (soja), tarwegluten (tarwe), soja-eiwitisolaat (soja), tarwezetmeel (tarwe), aardappelzetmeel, gemodificeerd aardappelzetmeel, gemodificeerd maiszetmeel, gejodeerd zout, kruiden & specerijen, maltodextrine, zout, verdikkingsmiddel (gemodificeerd aardappelzetmeel, E461), azijn, aroma, citroensap, zuurteregelaars (kaliumchloride, calciumchloride), tomatenpuree, maisolie, gistextract, ui, vitamine b12, ijzer, gebufferd azijn, natuurlijk aroma, karamelsuikerstroop, paprika, uienpoeder, raapzaadolie ongehard.","Aanwezig: Gluten, soja, tarwe","Keukens, Vegetarisch, Gevogelte, Vegetarisch"
"Vegetarische schnitzel, rode kool met appel en aardappelen (Vega)",,,"aardappel (36%), rode kool (24%), water, appel (7%), tarwebloem (tarwe), zonnebloemolie ongehard, aardappelzetmeel, rietsuiker, soja-eiwit (soja), tarwegluten (tarwe), soja-eiwitisolaat (soja), tarwezetmeel (tarwe), kruiden & specerijen, appelazijn, zout, gejodeerd zout, azijn, gemodificeerd aardappelzetmeel, gemodificeerd maiszetmeel, maltodextrine, citroensap, geconcentreerd citroensap, vitamine b12, ijzer, zuurteregelaars (kaliumchloride), gebufferd azijn, verdikkingsmiddel (E461), natuurlijk aroma, antioxidanten (E300), voedingszuren (citroenzuur), tomatenpuree, maisolie, aroma, ui, karamelsuikerstroop, paprika.","Aanwezig: Gluten, soja, tarwe","Keukens, Vegetarisch, Gevogelte, Vegetarisch"
"Vegetarische schnitzel, spruitjes en aardappelpuree (Vega)",,,"spruiten (36%), aardappel (24%), water, melk (lactose, melk), tarwebloem (tarwe), zonnebloemolie ongehard, soja-eiwit (soja), tarwegluten (tarwe), soja-eiwitisolaat (soja), tarwezetmeel (tarwe), aardappelzetmeel, zout, kruiden & specerijen, gemodificeerd aardappelzetmeel, gemodificeerd maiszetmeel, verdikkingsmiddel (gemodificeerd aardappelzetmeel, E461), maltodextrine, azijn, gejodeerd zout, conserveermiddelen (E202), boteraroma (lactose, melk), aroma, citroensap, gistextract, tomatenpuree, maisolie, vitamine b12, ijzer, zuurteregelaars (kaliumchloride), gebufferd azijn, natuurlijk aroma, ui, karamelsuikerstroop, uienpoeder, raapzaadolie ongehard, paprika.","Aanwezig: Gluten, soja, melk, tarwe, lactose","Keukens, Vegetarisch, Gevogelte, Vegetarisch"
Tempeh ketjap met nasi goreng (Vega),,,"rijst (47%), water, sojabonen (soja), prei, ui, witte kool, melasse, suiker, wortel, zonnebloemolie ongehard, rijstemeel, zout, kruiden & specerijen, gemodificeerd maiszetmeel, azijn, natuurazijn, gehydrolyseerd soja-eiwit (soja), plantaardige olie ongehard, ent culture, raapzaadolie ongehard, suikerstroop, glucose-fructosestroop, invertsuikerstroop, natuurlijk aroma (mosterd, selderij), tarwebloem (tarwe), spinaziepoeder, glucosestroop gedroogd (tarwe), gistextract, conserveermiddelen (E211, E202), verdikkingsmiddel (johannesbroodpitmeel, guargom), maltodextrine, gekarameliseerde suiker, voedingszuren (azijnzuur, melkzuur, citroenzuur), antioxidanten (E300), dextrose, stabilisatoren (xanthaangom), gehydrolyseerd soja en maiseiwit (soja), zetmeel, zuurteregelaars (E500), antiklontermiddelen (E535), selderij (selderij), kleurstoffen (karamel), groenten, paprikasap concentraat.","Aanwezig: Gluten, soja, selderij, mosterd, tarwe","Keukens, Vegetarisch, Gevogelte, Vegetarisch"
Tempeh satésaus met bami goreng (Vega),,,"durum tarwegries (tarwe), water, sojabonen (soja), ui, witte kool, pinda (4%)(pinda), prei, wortel, zonnebloemolie ongehard, suiker, rijstemeel, suikerstroop, zout, plantaardige olie ongehard, ent culture, verdikkingsmiddel (gemodificeerd maiszetmeel), kruiden & specerijen, raapzaadolie ongehard, azijn, glucose-fructosestroop, gejodeerd zout, invertsuikerstroop, natuurlijk aroma (mosterd, selderij), tarwebloem (tarwe), spinaziepoeder, glucosestroop gedroogd (tarwe), gistextract, uienpoeder, maltodextrine, melasse, gehydrolyseerd soja en maiseiwit (soja), zetmeel, gekarameliseerde suiker, zuurteregelaars (E500), antiklontermiddelen (E535), selderij (selderij), conserveermiddelen (E211, E210, E202), voedingszuren (melkzuur, azijnzuur, citroenzuur), kleurstoffen (karamel), stabilisatoren (xanthaangom), paprikasap concentraat","Aanwezig: Gluten, pinda, soja, selderij, mosterd, tarwe.","Keukens, Vegetarisch, Gevogelte, Vegetarisch"
Tempeh satésaus met nasi goreng (Vega),,,"rijst (47%), water, sojabonen (soja), prei, ui, witte kool, pinda (4%)(pinda), wortel, zonnebloemolie ongehard, suiker, rijstemeel, suikerstroop, zout, plantaardige olie ongehard, ent culture, verdikkingsmiddel (gemodificeerd maiszetmeel), kruiden & specerijen, raapzaadolie ongehard, glucose-fructosestroop, gejodeerd zout, invertsuikerstroop, natuurlijk aroma (mosterd, selderij), tarwebloem (tarwe), spinaziepoeder, glucosestroop gedroogd (tarwe), gistextract, uienpoeder, maltodextrine, melasse, gehydrolyseerd soja en maiseiwit (soja), zetmeel, gekarameliseerde suiker, zuurteregelaars (E500), antiklontermiddelen (E535), selderij (selderij), conserveermiddelen (E211, E210, E202), voedingszuren (melkzuur, azijnzuur, citroenzuur), kleurstoffen (karamel), stabilisatoren (xanthaangom), paprikasap concentraat.","Aanwezig: Gluten, pinda, soja, selderij, mosterd, tarwe.","Keukens, Vegetarisch, Gevogelte, Vegetarisch"
Erwtensoep met vlees en worst,500 gram,"8,55","water, spliterwten (13%), varkensvlees (8%), aardappel, prei, knolselderij (selderij), varkensseparatorvlees, ui, bladselderij (selderij), zout, aardappelzetmeel, kruiden & specerijen, natuurlijk aroma (mosterd, selderij), glucosestroop, dextrose, raapzaadolie ongehard, rookaroma, rundercollageen, conserveermiddelen (E250, E252), antioxidanten (E316, E301), stabilisatoren (E452), emulgatoren (E450), voedingszuren (citroenzuur).","Aanwezig: Selderij, Mosterd, Rundvlees, Varkensvlees.","Keukens, Hollands, Varkensvlees, Kleine maaltijden (350 gram)"
Nasi goreng met kipsate in satesaus,500 gram,"8,55","rijst (47%), water, kip (11%), prei, ui, witte kool, pinda (4%)(pinda), wortel, suiker, suikerstroop, zout, plantaardige olie ongehard, verdikkingsmiddel (gemodificeerd maiszetmeel), kruiden & specerijen, raapzaadolie ongehard, soja-olie ongehard (soja), xylose, tapiocazetmeel, glucose-fructosestroop, gejodeerd zout, sojabonen (soja), invertsuikerstroop, natuurlijk aroma (mosterd, selderij), tarwebloem (tarwe), spinaziepoeder, glucosestroop gedroogd (tarwe), gistextract, uienpoeder, maltodextrine, melasse, gehydrolyseerd soja en maiseiwit (soja), zetmeel, zonnebloemolie ongehard, gekarameliseerde suiker, zuurteregelaars (E500), antiklontermiddelen (E535), selderij (selderij), conserveermiddelen (E211, E210, E202), voedingszuren (melkzuur, azijnzuur, citroenzuur), kleurstoffen (karamel), stabilisatoren (xanthaangom), paprikasap concentraat.","Aanwezig: Gluten, Pinda, Soja, Selderij, Mosterd, Gevogelte, Tarwe","Keukens, Oosters, Gevogelte, Kleine maaltijden (350 gram)"
Kip Jambalaya met broccoli en rijst,500 gram,"8,55","rijst (35%), broccoli (32%), water, kip (8%), suiker, ui, paprika, bleekselderij (selderij), perzik, ananas, natuurazijn, gemodificeerd aardappelzetmeel, zout, verdikkingsmiddel (gemodificeerd aardappelzetmeel, guargom), tomatenpoeder, kruiden & specerijen, soja-olie ongehard, xylose, tapiocazetmeel, gejodeerd zout, uienpoeder, rode bietenpoeder, gistextract, invertsuiker, aroma, azijn, raapzaadolie ongehard, voedingszuren (citroenzuur, azijnzuur), gemodificeerd maiszetmeel, natuurlijk aroma, conserveermiddelen (E224, E202, E211), stabilisatoren (xanthaangom).","Aanwezig: Selderij, Gevogelte","Keukens, Oosters, Gevogelte"
Stamppot hete bliksem met speklap,500 gram,"8,55","aardappel (30%), water, appel (20%), varkensvlees (14%), suiker, zonnebloemolie ongehard, melkpoeder (lactose, melk), gejodeerd zout, gemodificeerd aardappelzetmeel, maltodextrine, gemodificeerd maiszetmeel, zout, natuurlijk aroma (mosterd, selderij), raapzaadolie gehard, dextrose, kruiden & specerijen (selderij), aardappelzetmeel, melk (lactose, melk), room (lactose, melk), tarwezetmeel (tarwe), kleurstoffen (paprika-extract, caroteen), voedingszuren (soja) (citroenzuur, E331, E322 (soja)), antioxidanten (E300, E304), aroma (selderij, soja), tomatenpuree, maisolie, glucosestroop, natuurlijk ui aroma, gekarameliseerde suiker, natuurazijn, antiklontermiddelen (E551), gistextract, gehydrolyseerd soja-eiwit (soja), smaakversterkers (E640), maiszetmeel, uienextract, zuurteregelaars (E500), verdikkingsmiddel (E407), ui, karamelsuikerstroop, raapzaadolie ongehard, paprika, emulgatoren (E450), conserveermiddelen (E223).","Aanwezig: Gluten, Soja, Melk, Selderij, Mosterd, Sulfiet, Varkensvlees, Tarwe, Lactose","Keukens, Hollands, Varkensvlees, Kleine maaltijden (350 gram)"
Stamppot zuurkool met rookworst,500 gram,"8,55","aardappel (36%), water, zuurkool (20%), varkensvlees (14%), zonnebloemolie ongehard, melkpoeder (lactose, melk), zout, gejodeerd zout, gemodificeerd aardappelzetmeel, gemodificeerd maiszetmeel, kruiden & specerijen (mosterd, selderij), rundercollageen, maltodextrine, suiker, rookaroma, raapzaadolie gehard, natuurlijk aroma (mosterd, selderij), melk (lactose, melk), room (lactose, melk), verdikkingsmiddel (gemodificeerd aardappelzetmeel), aroma, natuurazijn, glucosestroop, tomatenpuree, maisolie, antioxidanten (E316, E304), emulgatoren (E450), voedingszuren (soja) (citroenzuur, E322 (soja)), conserveermiddelen (E250), stabilisatoren (E452), raapzaadolie ongehard, ui, karamelsuikerstroop, gistextract, paprika, uienpoeder, kleurstoffen (caroteen).","Aanwezig: Soja, Melk, Selderij, Mosterd, Rundvlees, Varkensvlees, Lactose","Keukens, Hollands, Varkensvlees, Kleine maaltijden (350 gram)"
Foe yong hai met bami goreng,,,"durum tarwegries (tarwe), water, ui, kippenei (eieren), witte kool, prei, suiker, wortel, champignon, natuurazijn, melk (lactose, melk), room (lactose, melk), gemodificeerd aardappelzetmeel, zonnebloemolie ongehard, zout, plantaardige olie ongehard, kruiden & specerijen, suikerstroop, raapzaadolie ongehard, azijn, tomatenpoeder, gejodeerd zout, uienpoeder, glucose-fructosestroop, invertsuikerstroop, natuurlijk aroma (mosterd, selderij), maltodextrine, rode bietenpoeder, tarwebloem (tarwe), spinaziepoeder, glucosestroop gedroogd (tarwe), gistextract, gemodificeerd maiszetmeel, raapolie ongehard, sojabonen (soja), melasse, gehydrolyseerd soja en maiseiwit (soja), voedingszuren (citroenzuur, azijnzuur, melkzuur), gekarameliseerde suiker, zetmeel, zuurteregelaars (E500), antiklontermiddelen (E535), selderij (selderij), antioxidanten (E300), conserveermiddelen (E211, E224, E202), kleurstoffen (karamel), stabilisatoren (xanthaangom), verdikkingsmiddel (guargom), paprikasap concentraat.","Aanwezig: Gluten, Eieren, Soja, Melk, Selderij, Mosterd, Tarwe, Lactose","Keukens, Vegetarisch, Vegetarisch"
Ajam ketjap met nasi goreng,500 gram,"8,55","rijst (47%), kip (11%), water, prei, ui, witte kool, melasse, suiker, wortel, zout, kruiden & specerijen, plantaardige olie ongehard, gemodificeerd maiszetmeel, azijn, natuurazijn, gehydrolyseerd soja-eiwit (soja), raapzaadolie ongehard, suikerstroop, rijstzetmeel, glucose-fructosestroop, invertsuikerstroop, dextrose, natuurlijk aroma (mosterd, selderij), tarwebloem (tarwe), spinaziepoeder, glucosestroop gedroogd (tarwe), gistextract, conserveermiddelen (E211, E202), verdikkingsmiddel (johannesbroodpitmeel, guargom), voedingszuren (azijnzuur, E331, melkzuur, citroenzuur), maltodextrine, sojabonen (soja), gekarameliseerde suiker, antioxidanten (E300), stabilisatoren (xanthaangom), gehydrolyseerd soja en maiseiwit (soja), zuurteregelaars (E500), xylose, zonnebloemolie ongehard, zetmeel, antiklontermiddelen (E535), selderij (selderij), kleurstoffen (karamel), groenten, paprikasap concentraat.","Aanwezig: Gluten, Soja, Selderij, Mosterd, Gevogelte, Tarwe","Keukens, Oosters, Gevogelte, Kleine maaltijden (350 gram)"
Babi pangang met nasi goreng,500 gram,"8,55","rijst (47%), water, varkensvlees (11%), prei, witte kool, ui, suiker, wortel, natuurazijn, gemodificeerd aardappelzetmeel, zout, plantaardige olie ongehard, raapzaadolie ongehard, kruiden & specerijen, suikerstroop, tomatenpoeder, gejodeerd zout, uienpoeder, aardappelzetmeel, glucose-fructosestroop, natuurlijk aroma (mosterd, selderij), invertsuikerstroop, rode bietenpoeder, tarwebloem (tarwe), varkenseiwit, spinaziepoeder, glucosestroop gedroogd (tarwe), gistextract, maltodextrine, sojabonen (soja), tarwevezel (tarwe), melasse, gehydrolyseerd soja en maiseiwit (soja), zuurteregelaars (E500), stabilisatoren (E451, xanthaangom), zonnebloemolie ongehard, gekarameliseerde suiker, zetmeel, antiklontermiddelen (E535), selderij (selderij), conserveermiddelen (E211, E224, E202), voedingszuren (melkzuur, azijnzuur, citroenzuur), kleurstoffen (karamel), paprikasap concentraat.","Aanwezig: Gluten, Soja, Selderij, Mosterd, Varkensvlees, Tarwe","Keukens, Oosters, Varkensvlees, Kleine maaltijden (350 gram)"
Foe yong hai met nasi goreng,,,"rijst (47%), water, prei, ui, kippenei (eieren), witte kool, suiker, wortel, champignon, natuurazijn, melk (lactose, melk), room (lactose, melk), gemodificeerd aardappelzetmeel, zout, plantaardige olie ongehard, kruiden & specerijen, raapzaadolie ongehard, suikerstroop, tomatenpoeder, gejodeerd zout, uienpoeder, glucose-fructosestroop, invertsuikerstroop, natuurlijk aroma (mosterd, selderij), maltodextrine, rode bietenpoeder, tarwebloem (tarwe), spinaziepoeder, glucosestroop gedroogd (tarwe), gistextract, gemodificeerd maiszetmeel, raapolie ongehard, sojabonen (soja), melasse, gehydrolyseerd soja en maiseiwit (soja), voedingszuren (citroenzuur, azijnzuur, melkzuur), zonnebloemolie ongehard, gekarameliseerde suiker, azijn, zetmeel, zuurteregelaars (E500), antiklontermiddelen (E535), selderij (selderij), antioxidanten (E300), conserveermiddelen (E211, E224, E202), kleurstoffen (karamel), stabilisatoren (xanthaangom), verdikkingsmiddel (guargom), paprikasap concentraat.","Aanwezig: gluten, eieren, soja, melk, selderij, mosterd, tarwe, lactose","Keukens, Vegetarisch, Vegetarisch"
Kipsate in satesaus met bami goreng,500 gram,"8,55","durum tarwegries (tarwe), water, kip (11%), ui, witte kool, pinda (4%)(pinda), prei, wortel, suiker, suikerstroop, zout, zonnebloemolie ongehard, plantaardige olie ongehard, verdikkingsmiddel (gemodificeerd maiszetmeel), kruiden & specerijen, raapzaadolie ongehard, azijn, soja-olie ongehard (soja), xylose, tapiocazetmeel, glucose-fructosestroop, gejodeerd zout, sojabonen (soja), invertsuikerstroop, natuurlijk aroma (mosterd, selderij), tarwebloem (tarwe), spinaziepoeder, glucosestroop gedroogd (tarwe), gistextract, uienpoeder, maltodextrine, melasse, gehydrolyseerd soja en maiseiwit (soja), zetmeel, gekarameliseerde suiker, zuurteregelaars (E500), antiklontermiddelen (E535), selderij (selderij), conserveermiddelen (E211, E210, E202), voedingszuren (melkzuur, azijnzuur, citroenzuur), kleurstoffen (karamel), stabilisatoren (xanthaangom), paprikasap concentraat.","Aanwezig: Gluten, Pinda, Soja, Selderij, Mosterd, Gevogelte, Tarwe","Keukens, Oosters, Gevogelte, Kleine maaltijden (350 gram)"
Babi pangang met bami goreng,500 gram,"8,55","durum tarwegries (tarwe), water, varkensvlees (11%), witte kool, ui, prei, suiker, wortel, natuurazijn, gemodificeerd aardappelzetmeel, zonnebloemolie ongehard, zout, plantaardige olie ongehard, suikerstroop, raapzaadolie ongehard, azijn, kruiden & specerijen, tomatenpoeder, gejodeerd zout, uienpoeder, aardappelzetmeel, glucose-fructosestroop, natuurlijk aroma (mosterd, selderij), invertsuikerstroop, rode bietenpoeder, tarwebloem (tarwe), varkenseiwit, spinaziepoeder, glucosestroop gedroogd (tarwe), gistextract, sojabonen (soja), maltodextrine, tarwevezel (tarwe), melasse, gehydrolyseerd soja en maiseiwit (soja), zuurteregelaars (E500), stabilisatoren (E451, xanthaangom), gekarameliseerde suiker, zetmeel, antiklontermiddelen (E535), selderij (selderij), conserveermiddelen (E211, E224, E202), voedingszuren (melkzuur, azijnzuur, citroenzuur), kleurstoffen (karamel), paprikasap concentraat.","Aanwezig: Gluten, Soja, Selderij, Mosterd, Varkensvlees, Tarwe","Keukens, Oosters, Varkensvlees"
Stamppot snijbonen en kipfilet,500 gram,"8,55","aardappel (32%), snijbonen (25%), water, kip (15%), zonnebloemolie ongehard, melkpoeder (lactose, melk), gejodeerd zout, zout, soja-olie ongehard (soja), verdikkingsmiddel (gemodificeerd maiszetmeel), raapzaadolie gehard, tapiocazetmeel, kruiden & specerijen (mosterd, selderij), xylose, aroma (soja, eieren), melk (lactose, melk), room (lactose, melk), rijstebloem, gistextract, uienpoeder, gehydrolyseerd soja-eiwit (soja), palmvet ongehard, natuurazijn, natuurlijk aroma (mosterd, selderij), glucosestroop, suiker, raapzaadolie ongehard, antioxidanten (E304), emulgatoren (E450), voedingszuren (soja) (E322 (soja)), kleurstoffen (caroteen).","Aanwezig: Eieren, Soja, Melk, Selderij, Mosterd, Gevogelte, Lactose","Keukens, Hollands, Gevogelte, Kleine maaltijden (350 gram)"
Chili con carne met rijst,500 gram,"8,55","rijst (30%), water, bruine bonen (15%), rundvlees (12%), erwten, mais, appel, tomaat, paprika, ananas, kruiden & specerijen (selderij), wortel, suiker, ui, mais, aardappelzetmeel, palmvet ongehard, zout, gejodeerd zout, gistextract, citroensap, azijn, aroma, rundereiwit, stabilisatoren (E451, xanthaangom), voedingszuren (citroenzuur, azijnzuur), zuurteregelaars (calciumchloride), gemodificeerd maiszetmeel, antioxidanten (E300), conserveermiddelen (E202), verdikkingsmiddel (guargom).","Aanwezig: Selderij, Rundvlees","Keukens, Oosters, Gevogelte, Kleine maaltijden (350 gram)"
"Speklap, rode bieten met appel en aardappelpuree",500 gram,"8,55","rode biet (26%), aardappel (24%), water, varkensvlees (14%), melk (lactose, melk), appel (5%), zonnebloemolie ongehard, suiker, aardappelzetmeel, zout, maltodextrine, gemodificeerd aardappelzetmeel, gemodificeerd maiszetmeel, natuurazijn, natuurlijk aroma (mosterd, selderij), gejodeerd zout, dextrose, kruiden & specerijen, tarwezetmeel (tarwe), kleurstoffen (paprika-extract), voedingszuren (citroenzuur, E331), boteraroma (lactose, melk), conserveermiddelen (E202, E224), aroma (selderij, soja), antioxidanten (E300), tomatenpuree, maisolie, natuurlijk ui aroma, gekarameliseerde suiker, antiklontermiddelen (E551), gistextract, gehydrolyseerd soja-eiwit (soja), smaakversterkers (E640), maiszetmeel, uienextract, zuurteregelaars (E500), verdikkingsmiddel (E407), glucosestroop, ui, karamelsuikerstroop, raapzaadolie ongehard, paprika.","Aanwezig: Gluten, Soja, Melk, Selderij, Mosterd, Varkensvlees, Tarwe, Lactose","Keukens, Hollands, Varkensvlees, Kleine maaltijden (350 gram)"
"Hamlap, rode bieten met appel en aardappelpuree",500 gram,"8,55","rode biet (26%), aardappel (24%), water, varkensvlees (13%), melk (lactose, melk), appel (5%), zonnebloemolie ongehard, aardappelzetmeel, suiker, maiszetmeel, zout, kruiden & specerijen, maltodextrine, natuurazijn, gemodificeerd aardappelzetmeel, gemodificeerd maiszetmeel, natuurlijk aroma (mosterd, selderij), gejodeerd zout, dextrose, uienextract, gekarameliseerde suiker, voedingszuren (citroenzuur, E331), boteraroma (lactose, melk), conserveermiddelen (E202, E224), antioxidanten (E300), tomatenpuree, maisolie, aroma, smaakversterkers (E640), zuurteregelaars (E500), verdikkingsmiddel (E407), glucosestroop, ui, karamelsuikerstroop, raapzaadolie ongehard, paprika.","Aanwezig: Melk, Selderij, Mosterd, Varkensvlees, Lactose","Keukens, Hollands, Varkensvlees, Kleine maaltijden (350 gram)"
"Kipfilet, rode bieten met appel en aardappelen",500 gram,"8,55","aardappel (34%), rode biet (26%), water, kip (15%), appel (5%), suiker, aardappelzetmeel, gejodeerd zout, natuurazijn, soja-olie ongehard (soja), zout, tapiocazetmeel, verdikkingsmiddel (gemodificeerd maiszetmeel), xylose, aroma (soja, eieren), rijstebloem, gistextract, uienpoeder, gehydrolyseerd soja-eiwit (soja), palmvet ongehard, natuurlijk aroma (mosterd, selderij), kruiden & specerijen, antioxidanten (E300), voedingszuren (citroenzuur), glucosestroop, raapzaadolie ongehard, conserveermiddelen (E224).","Aanwezig: Eieren, Soja, Selderij, Mosterd, Gevogelte","Keukens, Hollands, Gevogelte"
"Lekkerbek met remouladesaus, snijbonen en aardappelpuree",500 gram,"8,55","snijbonen (36%), aardappel (24%), heek (13%)(vis), melk (lactose, melk), water, raapolie ongehard, gemodificeerd aardappelzetmeel, zonnebloemolie ongehard, suiker, gemodificeerd tarwezetmeel (tarwe), zout, azijn, kruiden & specerijen, scharreleigeel (eieren), ui, verdikkingsmiddel (gemodificeerd aardappelzetmeel, guargom), aroma, tarwemeel (tarwe), tarwebloem (tarwe), dextrose, gehydrolyseerd plantaardig eiwit, maltodextrine, conserveermiddelen (E202, E211), boteraroma (lactose, melk), gistextract, zoetstoffen (E955, E954), voedingszuren (E385, citroenzuur), zuurteregelaars (E500), rijstebloem, kurkuma-extract, smaakversterkers (E621), stabilisatoren (xanthaangom), uienpoeder, raapzaadolie ongehard.","Aanwezig: Gluten, Eieren, Vis, Melk, Glutamaten, Tarwe, Lactose","Keukens, Hollands, Vis"
"Slavink, spitskool met saus, aardappelpuree",500 gram,"8,55","spitskool (30%), aardappel (24%), water, varkensvlees (13%), melk (lactose, melk), paneermeel (tarwe), zonnebloemolie ongehard, zout, tarwebloem (tarwe), rundvlees (<1%), palmvet ongehard, gemodificeerd aardappelzetmeel, gemodificeerd maiszetmeel, verdikkingsmiddel (gemodificeerd maiszetmeel), maltodextrine, kruiden & specerijen, tarwezetmeel (tarwe), gistextract, gejodeerd zout, paprika-extract, natuurlijk aroma, dextrose, glucosestroop gedroogd, varkenseiwit, gekarameliseerde suiker, palmolie ongehard, conserveermiddelen (E202), boteraroma (lactose, melk), melkeiwitten (lactose, melk), lactose (lactose, melk), ui, tomatenpuree, maisolie, aroma, volle melkpoeder (lactose, melk), uienpoeder, raapzaadolie ongehard, gehydrolyseerd plantaardig eiwit (tarwe), voedingszuren (E262), karamelsuikerstroop, paprika, stabilisatoren (xanthaangom), antioxidanten (E306).","Aanwezig: Gluten, Melk, Rundvlees, Varkensvlees, Tarwe, Lactose","Keukens, Hollands, Varkensvlees, Kleine maaltijden (350 gram)"
"Varkenssaucijs, bruine bonen met spek en aardappelpuree",500 gram,"8,55","bruine bonen (27%), aardappel (24%), water, varkensvlees (16%), melk (lactose, melk), zonnebloemolie ongehard, paneermeel (tarwe), zout, gemodificeerd aardappelzetmeel, gemodificeerd maiszetmeel, kruiden & specerijen, verdikkingsmiddel (gemodificeerd aardappelzetmeel), maltodextrine, varkensdarm, gejodeerd zout, aroma, conserveermiddelen (E202, E250, E252), boteraroma (lactose, melk), gistextract, antioxidanten (E301), tomatenpuree, maisolie, korianderolie, natuurlijk aroma, paprika-extract, voedingszuren (citroenzuur), varkenseiwit, mosterdmeel (mosterd), selderij (selderij), zuurteregelaars (calciumchloride), ui, karamelsuikerstroop, paprika, uienpoeder, raapzaadolie ongehard.","Aanwezig: Gluten, Melk, Selderij, Mosterd, Varkensvlees, Tarwe, Lactose","Keukens, Hollands, Varkensvlees, Kleine maaltijden (350 gram)"
"Kipfilet, broccoli en aardappelpuree",500 gram,"8,55","broccoli (36%), aardappel (24%), kip (15%), water, melk (lactose, melk), zonnebloemolie ongehard, zout, verdikkingsmiddel (gemodificeerd aardappelzetmeel, gemodificeerd maiszetmeel), soja-olie ongehard (soja), tapiocazetmeel, xylose, aroma (soja, eieren), gistextract, gejodeerd zout, rijstebloem, uienpoeder, kruiden & specerijen, gehydrolyseerd soja-eiwit (soja), palmvet ongehard, conserveermiddelen (E202), boteraroma (lactose, melk), ui, raapzaadolie ongehard.","Aanwezig: Eieren, Soja, Melk, Gevogelte, Lactose","Keukens, Hollands, Gevogelte, Kleine maaltijden (350 gram)"
"Kipburger, sperziebonen en aardappelen",500 gram,"8,55","sperziebonen (36%), aardappel (34%), kip (14%), water, paneermeel (rogge, tarwe), verdikkingsmiddel (gemodificeerd aardappelzetmeel, gemodificeerd maiszetmeel, E466), kalkoen, gejodeerd zout, zout, kruiden & specerijen (mosterd, selderij), aroma (soja, eieren), gistextract, rijstebloem, uienpoeder, gehydrolyseerd soja-eiwit (soja), palmvet ongehard, kleurstoffen (paprika-extract, E170), dextrose, glucosestroop, kippeneipoeder (eieren), zeezout, palmolie ongehard, maiszetmeel, stabilisatoren (E451, E452), emulgatoren (E471, E450), ui, tarwemeel (tarwe), tarwezetmeel (tarwe), paprika, soja-eiwit (soja), tarwebloem (tarwe), antioxidanten (E300), gemodificeerd tarwezetmeel (tarwe), prei, paprika-extract, maltodextrine, rundercollageen, smaakversterkers (E621), soja-eiwitisolaat (soja), sojameel (soja), koolzaadeiwit, maiseiwit, melkeiwitten (lactose, melk), rijsmiddelen (E500i), raapzaadolie ongehard.","Aanwezig: Gluten, Eieren, Soja, Melk, Selderij, Mosterd, Rundvlees, Gevogelte, Glutamaten, Tarwe, Rogge, Lactose","Keukens, Hollands, Gevogelte, Kleine maaltijden (350 gram)"
"Varkensfiletlap, prei met saus en aardappelen",500 gram,"8,55","aardappel (34%), prei (27%), water, varkensvlees (15%), tarwebloem (tarwe), zout, palmvet ongehard, verdikkingsmiddel (gemodificeerd maiszetmeel, E407), kruiden & specerijen (selderij), gemodificeerd aardappelzetmeel, gemodificeerd maiszetmeel, raapolie ongehard, gejodeerd zout, zonnebloemolie ongehard, maltodextrine, maiszetmeel, palmolie ongehard, melkeiwitten (lactose, melk), lactose (lactose, melk), uienpoeder, aroma, ui, volle melkpoeder (lactose, melk), raapzaadolie ongehard, gehydrolyseerd plantaardig eiwit (tarwe), gistextract, tomatenpuree, maisolie, natuurlijk aroma, korianderolie, aardappelzetmeel, dextrose, kleurstoffen (paprika-extract), gehydrolyseerd koolzaadeiwit, voedingszuren (E331iii), suiker, paprika gedroogd, rijsmiddelen (E500ii), karamelsuikerstroop, paprika, stabilisatoren (xanthaangom), antioxidanten (E306).","Aanwezig: Gluten, Melk, Selderij, Varkensvlees, Tarwe, Lactose","Keukens, Hollands, Varkensvlees"
"Kalkoenstooflap, snijbonen en aardappelen",500 gram,"8,55","snijbonen (36%), aardappel (34%), kalkoen (15%), water, gejodeerd zout, verdikkingsmiddel (gemodificeerd aardappelzetmeel, gemodificeerd maiszetmeel), dextrose, maltodextrine, rijstzetmeel, zout, aroma (soja, eieren), gistextract, karamelsuikerstroop, glucosestroop, rijstebloem, uienpoeder, gehydrolyseerd soja-eiwit (soja), palmvet ongehard, kruiden & specerijen, ui, raapzaadolie ongehard.","Aanwezig: Eieren, Soja, Gevogelte","Keukens, Hollands, Gevogelte"
"Boomstam, spinazie a la crème, en aardappelen",500 gram,"8,55","aardappel (34%), spinazie (31%), water, varkensvlees (9%), varkensseparatorvlees, paneermeel (tarwe), melk (lactose, melk), room (lactose, melk), kaas (lactose, melk), tarwebloem (tarwe), maiszetmeel, zout, palmvet ongehard, gemodificeerd aardappelzetmeel, gemodificeerd maiszetmeel, gejodeerd zout, verdikkingsmiddel (gemodificeerd maiszetmeel), maltodextrine, kruiden & specerijen (mosterd), aardappelzetmeel, varkenseiwit, zetmeel, palmolie ongehard, aroma, melkeiwitten (lactose, melk), lactose (lactose, melk), natuurlijk aroma (mosterd, selderij), ui, raapzaadolie ongehard, tomatenpuree, maisolie, volle melkpoeder (lactose, melk), tarwezetmeel (tarwe), natuurazijn, zonnebloemolie ongehard, rookaroma, dextrose, uienpoeder, gehydrolyseerd plantaardig eiwit (tarwe), gistextract, karamelsuikerstroop, glucosestroop, paprika, stabilisatoren (xanthaangom), antioxidanten (E306).","Aanwezig: gluten, melk, selderij, mosterd, varkensvlees, tarwe, lactose","Keukens, Hollands, Varkensvlees, Kleine maaltijden (350 gram)"
"Procureurlap, spruitjes met spek en aardappelpuree",500 gram,"8,55","spruiten (35%), aardappel (24%), varkensvlees (14%), water, melk (lactose, melk), zonnebloemolie ongehard, zout, gekarameliseerde suiker, kruiden & specerijen, maltodextrine, gemodificeerd aardappelzetmeel, gemodificeerd maiszetmeel, verdikkingsmiddel (gemodificeerd aardappelzetmeel), aroma, varkensspek, tomatenpuree, ui, gejodeerd zout, paprika, tomaat, pastinaak, selderij (selderij), prei, wortel, stabilisatoren (xanthaangom, E452, E451), conserveermiddelen (E202, E250, E252), gistextract, boteraroma (lactose, melk), maisolie, kleurstoffen (E150d, E150c), azijn, raapzaadolie gehard, smaakversterkers (E621), natuurlijk aroma, wijnazijn, gemodificeerd zetmeel, champignon, suikerstroop, aardappelzetmeel, citroensap, uiensap, karamelsiroop, suiker, guargom, zuurteregelaars (kaliumchloride), rookaroma, karamelsuikerstroop, uienpoeder, raapzaadolie ongehard, antioxidanten (E301).","Aanwezig: Melk, Selderij, Varkensvlees, Glutamaten, Lactose","Keukens, Hollands, Varkensvlees, Kleine maaltijden (350 gram)"
"Kipvink, tuinbonen met saus en aardappelen",500 gram,"8,55","aardappel (34%), tuinbonen (32%), water, kip (13%), tarwebloem (tarwe), kippencollageen, aardappelzetmeel, kruiden & specerijen, zout, verdikkingsmiddel (gemodificeerd maiszetmeel, guargom), rundereiwit, palmvet ongehard, gejodeerd zout, raapzaadolie ongehard, glucosestroop, ui, paprika, aroma (soja, eieren), gistextract, uienpoeder, rijstebloem, gehydrolyseerd soja-eiwit (soja), palmolie ongehard, antioxidanten (E300, E301, E306), melkeiwitten (lactose, melk), lactose (lactose, melk), stabilisatoren (E451, xanthaangom), gist, prei, dextrose, zuurteregelaars (E500), voedingszuren (E262), emulgatoren (E450), volle melkpoeder (lactose, melk), gehydrolyseerd plantaardig eiwit (tarwe).","Aanwezig: Gluten, Eieren, Soja, Melk, Rundvlees, Gevogelte, Tarwe, Lactose","Keukens, Hollands, Gevogelte"
"Stroganoffburger, savooie kool met saus en aardappelpuree",500 gram,"8,55","savooie kool (25%), aardappel (24%), water, varkensvlees (13%), melk (lactose, melk), zonnebloemolie ongehard, paneermeel (tarwe), tarwebloem (tarwe), zout, kruiden & specerijen, palmvet ongehard, gemodificeerd aardappelzetmeel, gemodificeerd maiszetmeel, verdikkingsmiddel (gemodificeerd maiszetmeel), maltodextrine, tarwezetmeel (tarwe), gejodeerd zout, paprika granulaat, tomatenpoeder, dextrose, uienpoeder, palmolie ongehard, conserveermiddelen (E202), boteraroma (lactose, melk), melkeiwitten (lactose, melk), lactose (lactose, melk), ui, natuurlijk aroma (mosterd, selderij), raapzaadolie ongehard, tomatenpuree, maisolie, aroma, volle melkpoeder (lactose, melk), paprikasap concentraat, knoflookextract, mosterdmeel (mosterd), champignonpoeder, gehydrolyseerd soja-eiwit (soja), gehydrolyseerd plantaardig eiwit (tarwe), gistextract, glucosestroop, karamelsuikerstroop, paprika, stabilisatoren (xanthaangom), antioxidanten (E306).","Aanwezig: Gluten, Soja, Melk, Selderij, Mosterd, Varkensvlees, Tarwe, Lactose","Keukens, Hollands, Varkensvlees"
"Kip teriyaki, massala zoete aardappel en quinoa",500 gram,"8,55","water, aardappel zoet, kip (15%), erwten, ui, pompoen, kokos, suiker, quinoa, sojabonen (soja), olijfolie ongehard, kruiden & specerijen (selderij), zout, tarwe (tarwe), glucosestroop, gemodificeerd maiszetmeel, rijstazijn, soja-olie ongehard (soja), gejodeerd zout, natuurlijk aroma (mosterd, selderij), citroensap, tapiocazetmeel, xylose, mango, voedingszuren (citroenzuur, azijnzuur), raapzaadolie ongehard, smaakversterkers (E621), citrusvezel, conserveermiddelen (E210, E202, E223), melado.","Aanwezig: Gluten, Soja, Selderij, Mosterd, Gevogelte, Glutamaten, Tarwe","Keukens, Oosters, Gevogelte, Kleine maaltijden (350 gram)"
"Vegaballetjes, rode bieten en aardappelpuree (Vega)",,,"rode biet, aardappel (29%), water, melk (lactose, melk), oesterzwam, zonnebloemolie ongehard, kokosolie ongehard, soja-eiwit (soja), suiker, aardappelzetmeel, zout, natuurazijn, erwteneiwit, tarwezetmeel (tarwe), tarwegluten (tarwe), rijst, gejodeerd zout, gemodificeerd aardappelzetmeel, gemodificeerd maiszetmeel, maltodextrine, verdikkingsmiddel (E401, E461), kruiden & specerijen, natuurlijk aroma (mosterd, selderij), boteraroma (lactose, melk), conserveermiddelen (E202, E224), bietenpoeder, voedingszuren (melkzuur), gerstemoutextract (gerst), citroensap, appelazijn, dextrose (tarwe), zeezout, havervezel (haver) (haver), vitamine b12, glucosestroop, tomatenpuree, maisolie, aroma, raapzaadolie ongehard, ui, karamelsuikerstroop, paprika.","Aanwezig: Gluten, Soja, Melk, Selderij, Mosterd, Tarwe, Gerst, Haver, Lactose","Keukens, Vegetarisch, Vegetarisch"
"Vegaballetjes, spitskool met saus en aardappelen (Vega)",,,"aardappel (40%), spitskool (30%), water, oesterzwam, kokosolie ongehard, zonnebloemolie ongehard, soja-eiwit (soja), tarwebloem (tarwe), verdikkingsmiddel (gemodificeerd maiszetmeel, E401, E461), palmvet ongehard, zout, gejodeerd zout, erwteneiwit, tarwezetmeel (tarwe), tarwegluten (tarwe), rijst, gemodificeerd aardappelzetmeel, gemodificeerd maiszetmeel, maltodextrine, kruiden & specerijen, palmolie ongehard, melkeiwitten (lactose, melk), lactose (lactose, melk), bietenpoeder, voedingszuren (melkzuur), gerstemoutextract (gerst), citroensap, appelazijn, dextrose (tarwe), zeezout, havervezel (haver) (haver), natuurlijk aroma, ui, volle melkpoeder (lactose, melk), uienpoeder, raapzaadolie ongehard, gehydrolyseerd plantaardig eiwit (tarwe), gistextract, vitamine b12, tomatenpuree, maisolie, aroma, karamelsuikerstroop, stabilisatoren (xanthaangom), antioxidanten (E306), paprika.","Aanwezig: Gluten, Soja, Melk, Tarwe, Gerst, Haver, Lactose","Keukens, Vegetarisch, Vegetarisch"
Stamppot hete bliksem met vegaballetjes (Vega),,,"aardappel (31%), water, appel (22%), oesterzwam, zonnebloemolie ongehard, kokosolie ongehard, soja-eiwit (soja), suiker, melkpoeder (lactose, melk), gejodeerd zout, gemodificeerd aardappelzetmeel, gemodificeerd maiszetmeel, erwteneiwit, maltodextrine, raapzaadolie gehard, tarwezetmeel (tarwe), tarwegluten (tarwe), rijst, zout, melk (lactose, melk), aardappelzetmeel, room (lactose, melk), voedingszuren (soja) (citroenzuur, melkzuur, E322 (soja)), natuurlijk aroma (mosterd, selderij), verdikkingsmiddel (E401, E461), antioxidanten (E300, E304), kruiden & specerijen (selderij), bietenpoeder, gerstemoutextract (gerst), citroensap, appelazijn, dextrose (tarwe), zeezout, havervezel (haver) (haver), aroma, tomatenpuree, maisolie, glucosestroop, vitamine b12, ui, karamelsuikerstroop, raapzaadolie ongehard, emulgatoren (E450), paprika, conserveermiddelen (E223), kleurstoffen (caroteen).","Aanwezig: Gluten, Soja, Melk, Selderij, Mosterd, Sulfiet, Tarwe, Gerst, Haver, Lactose","Keukens, Vegetarisch, Vegetarisch"
Stamppot snijbonen met vegaballetjes (Vega),,,"aardappel (34%), water, snijbonen (27%), oesterzwam, zonnebloemolie ongehard, kokosolie ongehard, soja-eiwit (soja), melkpoeder (lactose, melk), gejodeerd zout, gemodificeerd aardappelzetmeel, gemodificeerd maiszetmeel, erwteneiwit, zout, raapzaadolie gehard, maltodextrine, kruiden & specerijen (mosterd, selderij), tarwezetmeel (tarwe), tarwegluten (tarwe), rijst, melk (lactose, melk), room (lactose, melk), natuurlijk aroma (mosterd, selderij), natuurazijn, verdikkingsmiddel (E401, E461), voedingszuren (soja) (melkzuur, E322 (soja)), bietenpoeder, gerstemoutextract (gerst), citroensap, appelazijn, dextrose (tarwe), zeezout, havervezel (haver) (haver), glucosestroop, aroma, suiker, tomatenpuree, maisolie, vitamine b12, raapzaadolie ongehard, ui, karamelsuikerstroop, antioxidanten (E304), emulgatoren (E450), paprika, kleurstoffen (caroteen).","Aanwezig: Gluten, Soja, Melk, Selderij, Mosterd, Tarwe, Gerst, Haver, Lactose","Keukens, Vegetarisch, Vegetarisch"
"Groenteschijf, broccoli met saus en aardappelpuree (Vega)",,,"broccoli (31%), aardappel (24%), water, melk (lactose, melk), linzen, tarwebloem (tarwe), sojabonen (soja), zonnebloemolie ongehard, zout, dadel, gemodificeerd aardappelzetmeel, gemodificeerd maiszetmeel, palmvet ongehard, verdikkingsmiddel (gemodificeerd maiszetmeel, E461), kruiden & specerijen, maltodextrine, haver (haver), azijn, wortel, gejodeerd zout, paprika, aardappelzetmeel, erwteneiwit, prei, palmolie ongehard, conserveermiddelen (E202), boteraroma (lactose, melk), vitamine b12, ijzer, psylliumvezel, melkeiwitten (lactose, melk), lactose (lactose, melk), ui, tomatenpuree, maisolie, aroma, volle melkpoeder (lactose, melk), uienpoeder, raapzaadolie ongehard, gehydrolyseerd plantaardig eiwit (tarwe), gistextract, karamelsuikerstroop, stabilisatoren (xanthaangom), antioxidanten (E306).","Aanwezig: Gluten, Soja, Melk, Tarwe, Haver, Lactose","Keukens, Vegetarisch, Vegetarisch"
"Champignonragout, doperwten en zilvervliesrijst (Vega)",,,"erwten (36%), rijst (30%), water, champignon (6%), verdikkingsmiddel (gemodificeerd maiszetmeel, gemodificeerd aardappelzetmeel, guargom), ui, melk (lactose, melk), room (lactose, melk), tarwebloem (tarwe), palmolie ongehard, volle melkpoeder (lactose, melk), maiszetmeel, palmvet ongehard, zout, lactose (lactose, melk), melkeiwitten (lactose, melk), gejodeerd zout, maltodextrine, aroma, kruiden & specerijen, zetmeel, suiker, natuurlijk aroma, gistextract, champignonpoeder, uienpoeder, tomatenpoeder, antioxidanten (E300, E306), voedingszuren (citroenzuur), raapzaadolie ongehard, emulgatoren (E450iii).","Aanwezig: Gluten, Melk, Tarwe, Lactose","Keukens, Vegetarisch, Vegetarisch"
"Champignonragout, snijbonen en aardappelpuree (Vega)",,,"snijbonen (32%), aardappel (25%), water, melk (lactose, melk), champignon (6%), verdikkingsmiddel (gemodificeerd maiszetmeel, gemodificeerd aardappelzetmeel, guargom), ui, zonnebloemolie ongehard, room (lactose, melk), tarwebloem (tarwe), zout, palmolie ongehard, volle melkpoeder (lactose, melk), maiszetmeel, palmvet ongehard, lactose (lactose, melk), kruiden & specerijen, melkeiwitten (lactose, melk), gejodeerd zout, maltodextrine, aroma, conserveermiddelen (E202), boteraroma (lactose, melk), zetmeel, suiker, natuurlijk aroma, champignonpoeder, gistextract, uienpoeder, tomatenpoeder, antioxidanten (E300, E306), voedingszuren (citroenzuur), raapzaadolie ongehard, emulgatoren (E450iii).","Aanwezig: Gluten, Melk, Tarwe, Lactose","Keukens, Vegetarisch, Vegetarisch"
"Vegetarische cheeseburger, rode bieten en aardappelpuree",,,"rode biet, aardappel (24%), water, melk (lactose, melk), kaas (lactose, melk), zonnebloemolie ongehard, tarwebloem (tarwe), suiker, tarwemeel (tarwe), kippenei-eiwit (eieren), aardappelzetmeel, gemodificeerd tarwezetmeel (tarwe), zout, natuurazijn, gemodificeerd aardappelzetmeel, gemodificeerd maiszetmeel, maltodextrine, aroma (lactose, melk), gejodeerd zout, plantaardig eiwit (tarwe), kruiden & specerijen, conserveermiddelen (E202, E251, E224), kleurstoffen (caroteen, paprika-extract, curcumine), boteraroma (lactose, melk), zuursel, havervezel (haver) (haver), natuurlijk aroma (mosterd, selderij), tomatenpuree, maisolie, ijzer, stremsel, verdikkingsmiddel (E461), voedingszuren (E326), glucosestroop, ui, karamelsuikerstroop, raapzaadolie ongehard, paprika.","Aanwezig: Gluten, Eieren, Melk, Selderij, Mosterd, Tarwe, Haver, Lactose","Keukens, Vegetarisch, Vegetarisch"
"Vegetarische cheeseburger, spinazie met saus en aardappelen",,,"aardappel (35%), spinazie (27%), water, kaas (lactose, melk), melk (lactose, melk), tarwebloem (tarwe), room (lactose, melk), tarwemeel (tarwe), kippenei-eiwit (eieren), zonnebloemolie ongehard, maiszetmeel, gemodificeerd aardappelzetmeel, gemodificeerd maiszetmeel, gemodificeerd tarwezetmeel (tarwe), gejodeerd zout, maltodextrine, zout, palmvet ongehard, verdikkingsmiddel (gemodificeerd maiszetmeel, E461), aroma (lactose, melk), plantaardig eiwit (tarwe), kruiden & specerijen, kleurstoffen (caroteen, paprika-extract, curcumine), zetmeel, palmolie ongehard, zuursel, havervezel (haver) (haver), melkeiwitten (lactose, melk), lactose (lactose, melk), ui, tomatenpuree, maisolie, raapzaadolie ongehard, ijzer, stremsel, conserveermiddelen (E251), voedingszuren (E326), volle melkpoeder (lactose, melk), uienpoeder, natuurlijk aroma (mosterd, selderij), gehydrolyseerd plantaardig eiwit (tarwe), gistextract, karamelsuikerstroop, glucosestroop, paprika, stabilisatoren (xanthaangom), antioxidanten (E306).","Aanwezig: Gluten, Eieren, Melk, Selderij, Mosterd, Tarwe, Haver, Lactose","Keukens, Vegetarisch, Vegetarisch"
Chili sin carne met rijst (Vega),,,"water, rijst (30%), bruine bonen (13%), soja (soja), erwten, mais, appel, tomaat, paprika, kruiden & specerijen (selderij), ananas, wortel, gerstemoutextract (gerst), suiker, ui, mais, aardappelzetmeel, zout, palmvet ongehard, gejodeerd zout, gistextract, citroensap, azijn, natuurlijk aroma (mosterd, selderij), aroma, glucosestroop, raapzaadolie ongehard, zuurteregelaars (calciumchloride), voedingszuren (citroenzuur, azijnzuur), gemodificeerd maiszetmeel, antioxidanten (E300), conserveermiddelen (E202), stabilisatoren (xanthaangom), verdikkingsmiddel (guargom).","Aanwezig: Gluten, Soja, Selderij, Mosterd, Gerst","Keukens, Vegetarisch, Vegetarisch"
"Vegetarische cordon bleu, broccoli met saus en aardappelpuree",,,"broccoli (31%), aardappel (25%), water, melk (lactose, melk), plantaardig eiwit (tarwe, soja), vegetarische kaas (lactose, melk), zonnebloemolie ongehard, paneermeel (tarwe), tarwebloem (tarwe), palmolie ongehard, kippenei-eiwit (eieren), zout, azijn, gemodificeerd maiszetmeel, aardappelzetmeel, kruiden & specerijen, boter (room, zuursel) (lactose, melk), melkeiwitten (lactose, melk), aroma (selderij, eieren), tarwezetmeel (tarwe), gemodificeerd aardappelzetmeel, palmvet ongehard, verdikkingsmiddel (gemodificeerd maiszetmeel), maltodextrine, rookaroma, dextrose, gejodeerd zout, conserveermiddelen (E202), boteraroma (lactose, melk), voedingszuren (E339, citroenzuur), lactose (lactose, melk), ui, tomatenpuree, maisolie, stabilisatoren (E452, xanthaangom), volle melkpoeder (lactose, melk), kleurstoffen (E172), ijzer, uienpoeder, raapzaadolie ongehard, gehydrolyseerd plantaardig eiwit (tarwe), gistextract, karamelsuikerstroop, paprika, antioxidanten (E306).","Aanwezig: Gluten, Eieren, Soja, Melk, Selderij, Tarwe, Lactose","Keukens, Vegetarisch, Vegetarisch"
"Vegetarische cordon bleu, witlof met saus en aardappelen",,,"aardappel (34%), witlof (26%), water, plantaardig eiwit (tarwe, soja), vegetarische kaas (lactose, melk), tarwebloem (tarwe), melk (lactose, melk), paneermeel (tarwe), room (lactose, melk), palmolie ongehard, zonnebloemolie ongehard, kippenei-eiwit (eieren), azijn, gemodificeerd maiszetmeel, zout, aardappelzetmeel, boter (room, zuursel) (lactose, melk), kruiden & specerijen, melkeiwitten (lactose, melk), aroma (selderij, eieren), palmvet ongehard, tarwezetmeel (tarwe), gemodificeerd aardappelzetmeel, gejodeerd zout, verdikkingsmiddel (gemodificeerd maiszetmeel), maltodextrine, rookaroma, dextrose, zetmeel, lactose (lactose, melk), voedingszuren (E339, citroenzuur), ui, volle melkpoeder (lactose, melk), tomatenpuree, maisolie, stabilisatoren (E452, xanthaangom), uienpoeder, raapzaadolie ongehard, gehydrolyseerd plantaardig eiwit (tarwe), gistextract, kleurstoffen (E172), ijzer, karamelsuikerstroop, paprika, antioxidanten (E306).","Aanwezig: Gluten, Eieren, Soja, Melk, Selderij, Tarwe, Lactose","Keukens, Vegetarisch, Vegetarisch"
"Vegetarische gehaktbal, savooie kool met saus en aardappelpuree",,,"savooie kool (25%), aardappel (24%), water, jackfruit, melk (lactose, melk), zonnebloemolie ongehard, tarwe-eiwit (tarwe), erwteneiwit, tarwebloem (tarwe), zout, raapolie ongehard, palmvet ongehard, gemodificeerd aardappelzetmeel, gemodificeerd maiszetmeel, verdikkingsmiddel (gemodificeerd maiszetmeel), ui, maltodextrine, kruiden & specerijen, rijst-eiwit, paneermeel (tarwe), ei-eiwit (eieren), natuurlijk aroma (mosterd, selderij), gejodeerd zout, conserveermiddelen (E202), palmolie ongehard, boteraroma (lactose, melk), tarwemeel (tarwe), gekarameliseerde suiker, dextrose, melkeiwitten (lactose, melk), lactose (lactose, melk), raapzaadolie ongehard, tomatenpuree, maisolie, aroma, volle melkpoeder (lactose, melk), voedingszuren (E262), uienpoeder, gehydrolyseerd plantaardig eiwit (tarwe), gistextract, glucosestroop, karamelsuikerstroop, paprika, stabilisatoren (xanthaangom), antioxidanten (E306).","Aanwezig: Gluten, Eieren, Melk, Selderij, Mosterd, Tarwe, Lactose","Keukens, Vegetarisch, Vegetarisch"
Stamppot andijvie met vegetarische gehaktbal,,,"aardappel (41%), andijvie (24%), water, jackfruit, zonnebloemolie ongehard, tarwe-eiwit (tarwe), erwteneiwit, melkpoeder (lactose, melk), gejodeerd zout, raapolie ongehard, raapzaadolie gehard, kruiden & specerijen (mosterd, selderij), ui, rijst-eiwit, paneermeel (tarwe), ei-eiwit (eieren), natuurlijk aroma (mosterd, selderij), melk (lactose, melk), zout, room (lactose, melk), gemodificeerd aardappelzetmeel, gemodificeerd maiszetmeel, maltodextrine, natuurazijn, tarwemeel (tarwe), conserveermiddelen (E202), gekarameliseerde suiker, dextrose, glucosestroop, voedingszuren (soja) (E262, E322 (soja)), aroma, suiker, raapzaadolie ongehard, tomatenpuree, maisolie, antioxidanten (E304), emulgatoren (E450), karamelsuikerstroop, paprika, kleurstoffen (caroteen).","Aanwezig: Gluten, Eieren, Soja, Melk, Selderij, Mosterd, Tarwe, Lactose","Keukens, Vegetarisch, Vegetarisch"
"Omelet kerriesaus, sperziebonen en aardappelpuree (Vega)",,,"sperziebonen (36%), aardappel (24%), water, kippenei (eieren), melk (lactose, melk), lactosevrije koemelk (lactose, melk), zonnebloemolie ongehard, verdikkingsmiddel (gemodificeerd aardappelzetmeel, guargom), kippenei-eiwit (eieren), zout, maltodextrine, raapolie ongehard, gemodificeerd maiszetmeel, gejodeerd zout, kruiden & specerijen, palmolie ongehard, lactose (lactose, melk), melkeiwitten (lactose, melk), conserveermiddelen (E202), boteraroma (lactose, melk), uienpoeder, gistextract, raapzaadolie ongehard, palmvet ongehard, champignonpoeder, gehydrolyseerd soja-eiwit (soja), suiker, magere melkpoeder (lactose, melk), glucosestroop, stabilisatoren (xanthaangom), voedingszuren (citroenzuur), aroma, aardappelzetmeel, uien-olie, ui, antioxidanten (E306).","Aanwezig: Eieren, Soja, Melk, Lactose","Keukens, Vegetarisch, Vegetarisch"
"Vegetarische kip jambalaya, broccoli en rijst",,,"broccoli (36%), rijst (30%), water, ui, paprika, bleekselderij (selderij), suiker, soja-eiwit (soja), perzik, ananas, zonnebloemolie ongehard, kippenei-eiwit (eieren), natuurazijn, azijn, gemodificeerd aardappelzetmeel, tarwezetmeel (tarwe), kruiden & specerijen, verdikkingsmiddel (gemodificeerd aardappelzetmeel, guargom), zout, tarwegluten (tarwe), soja-eiwitisolaat (soja), tomatenpoeder, uienpoeder, gejodeerd zout, natuurlijk aroma, rode bietenpoeder, vitamine b12, ijzer, gistextract, invertsuiker, voedingszuren (citroenzuur, azijnzuur), aroma, raapzaadolie ongehard, gemodificeerd maiszetmeel, conserveermiddelen (E224, E202, E211), stabilisatoren (xanthaangom).","Aanwezig: Gluten, Eieren, Soja, Selderij, Tarwe","Keukens, Vegetarisch, Vegetarisch"
"Vegetarische kip kerrie, snijbonen en rijst",,,"snijbonen (36%), rijst (30%), water, paprika, champignon, soja-eiwit (soja), verdikkingsmiddel (gemodificeerd aardappelzetmeel, guargom), zonnebloemolie ongehard, kippenei-eiwit (eieren), azijn, tarwezetmeel (tarwe), tarwebloem (tarwe), zout, kruiden & specerijen, tarwegluten (tarwe), soja-eiwitisolaat (soja), natuurlijk aroma (mosterd, selderij), palmolie ongehard, palmvet ongehard, lactose (lactose, melk), melkeiwitten (lactose, melk), vitamine b12, ijzer, glucosestroop, raapzaadolie ongehard, gistextract, uienpoeder, gehydrolyseerd soja-eiwit (soja), maltodextrine, champignonpoeder, suiker, magere melkpoeder (lactose, melk), volle melkpoeder (lactose, melk), aroma, voedingszuren (citroenzuur), aardappelzetmeel, uien-olie, antioxidanten (E300, E306), ui.","Aanwezig: Gluten, Eieren, Soja, Melk, Selderij, Mosterd, Tarwe, Lactose","Keukens, Vegetarisch, Vegetarisch"
Vegetarische kip pangang met bami goreng,,,"durum tarwegries (tarwe), water, witte kool, ui, prei, suiker, wortel, zonnebloemolie ongehard, soja-eiwit (soja), natuurazijn, azijn, kippenei-eiwit (eieren), gemodificeerd aardappelzetmeel, zout, tarwezetmeel (tarwe), kruiden & specerijen, plantaardige olie ongehard, suikerstroop, raapzaadolie ongehard, tomatenpoeder, tarwegluten (tarwe), soja-eiwitisolaat (soja), natuurlijk aroma (mosterd, selderij), gejodeerd zout, uienpoeder, glucose-fructosestroop, invertsuikerstroop, rode bietenpoeder, tarwebloem (tarwe), gistextract, spinaziepoeder, glucosestroop gedroogd (tarwe), vitamine b12, ijzer, sojabonen (soja), maltodextrine, melasse, gehydrolyseerd soja en maiseiwit (soja), voedingszuren (citroenzuur, melkzuur, azijnzuur), gekarameliseerde suiker, zetmeel, zuurteregelaars (E500), antiklontermiddelen (E535), selderij (selderij), conserveermiddelen (E211, E224, E202), kleurstoffen (karamel), paprikasap concentraat, stabilisatoren (xanthaangom).","Aanwezig: Gluten, Eieren, Soja, Selderij, Mosterd, Tarwe","Keukens, Vegetarisch, Vegetarisch"
